{
  "accuracy": 0.901174168297456,
  "auc_score": 0.7566532258064517,
  "confusion_matrix": [
    [
      911,
      49
    ],
    [
      52,
      10
    ]
  ],
  "classification_report": {
    "0": {
      "precision": 0.9460020768431984,
      "recall": 0.9489583333333333,
      "f1-score": 0.9474778991159646,
      "support": 960.0
    },
    "1": {
      "precision": 0.1694915254237288,
      "recall": 0.16129032258064516,
      "f1-score": 0.1652892561983471,
      "support": 62.0
    },
    "accuracy": 0.901174168297456,
    "macro avg": {
      "precision": 0.5577468011334636,
      "recall": 0.5551243279569893,
      "f1-score": 0.5563835776571558,
      "support": 1022.0
    },
    "weighted avg": {
      "precision": 0.898894783117164,
      "recall": 0.901174168297456,
      "f1-score": 0.9000261419135259,
      "support": 1022.0
    }
  }
}