{
    "accuracy": [
        0.8400148749351501,
        0.8837944269180298,
        0.8956087827682495,
        0.9013965129852295,
        0.9070514440536499,
        0.9106090664863586,
        0.9145117402076721,
        0.916901171207428,
        0.9186534285545349,
        0.923830509185791,
        0.9211224913597107,
        0.9239898324012756,
        0.9299899339675903,
        0.9350076913833618,
        0.9321138262748718,
        0.9333351254463196,
        0.9363351464271545,
        0.9372909069061279,
        0.9368926882743835,
        0.9372643828392029,
        0.938883900642395,
        0.9385387301445007,
        0.9398130774497986,
        0.9377157092094421,
        0.9408750534057617,
        0.941220223903656,
        0.9463707208633423,
        0.9467158913612366,
        0.9457335472106934,
        0.9476450681686401
    ],
    "loss": [
        0.3781450390815735,
        0.29647335410118103,
        0.2700972259044647,
        0.25825604796409607,
        0.24213984608650208,
        0.2358940839767456,
        0.22984513640403748,
        0.21998319029808044,
        0.2163546085357666,
        0.20787079632282257,
        0.2092067301273346,
        0.20497412979602814,
        0.185710147023201,
        0.1808931976556778,
        0.1812046319246292,
        0.17789071798324585,
        0.16960710287094116,
        0.16953502595424652,
        0.1709498018026352,
        0.16727915406227112,
        0.16617459058761597,
        0.1639607697725296,
        0.16147629916667938,
        0.1645413190126419,
        0.1595635861158371,
        0.15399546921253204,
        0.1477486938238144,
        0.14400412142276764,
        0.1434016227722168,
        0.14242835342884064
    ],
    "val_accuracy": [
        0.8696568012237549,
        0.9115351438522339,
        0.9239251613616943,
        0.9230578541755676,
        0.923677384853363,
        0.925907552242279,
        0.939041018486023,
        0.9285094738006592,
        0.9345806241035461,
        0.923553466796875,
        0.9323503971099854,
        0.9303680062294006,
        0.9312353134155273,
        0.9229339361190796,
        0.9353240132331848,
        0.9327220916748047,
        0.9435014128684998,
        0.9463511109352112,
        0.9453599452972412,
        0.9373064041137695,
        0.9463511109352112,
        0.9376780986785889,
        0.9500681161880493,
        0.9375541806221008,
        0.9198364615440369,
        0.9446165561676025,
        0.9452360272407532,
        0.9478379487991333,
        0.9435014128684998,
        0.9492008686065674
    ],
    "val_loss": [
        0.31663429737091064,
        0.23337312042713165,
        0.19384931027889252,
        0.19550590217113495,
        0.19634300470352173,
        0.19282276928424835,
        0.16946586966514587,
        0.18397299945354462,
        0.16924624145030975,
        0.19752457737922668,
        0.1817624568939209,
        0.17565439641475677,
        0.18084348738193512,
        0.20407389104366302,
        0.16620323061943054,
        0.1742388904094696,
        0.1459561586380005,
        0.1429746448993683,
        0.14695630967617035,
        0.1603889912366867,
        0.14117631316184998,
        0.1609019935131073,
        0.14030800759792328,
        0.16043207049369812,
        0.21493065357208252,
        0.14577095210552216,
        0.14386782050132751,
        0.13855282962322235,
        0.14644041657447815,
        0.1391645073890686
    ],
    "learning_rate": [
        0.0010000000474974513,
        0.0010000000474974513,
        0.0010000000474974513,
        0.0010000000474974513,
        0.0010000000474974513,
        0.0010000000474974513,
        0.0010000000474974513,
        0.0010000000474974513,
        0.0010000000474974513,
        0.0010000000474974513,
        0.0010000000474974513,
        0.0010000000474974513,
        0.0005000000237487257,
        0.0005000000237487257,
        0.0005000000237487257,
        0.0005000000237487257,
        0.0005000000237487257,
        0.0005000000237487257,
        0.0005000000237487257,
        0.0005000000237487257,
        0.0005000000237487257,
        0.0005000000237487257,
        0.0005000000237487257,
        0.0005000000237487257,
        0.0005000000237487257,
        0.0005000000237487257,
        0.0002500000118743628,
        0.0002500000118743628,
        0.0002500000118743628,
        0.0002500000118743628
    ]
}